method,metric,mean,ci_lower_95,ci_upper_95,n_bootstrap
BM25,average_precision,0.14486936556271104,0.09757180240551593,0.19652755240375436,2000
TF-IDF,average_precision,0.1748800912254759,0.11411717520001462,0.24556892317732157,2000
MiniLM,average_precision,0.2410513608175979,0.17192200147134618,0.31430112516861936,2000
SPECTER,average_precision,0.22790059126389,0.1659129380021923,0.2898396776491656,2000
MedCPT,average_precision,0.15809375099558476,0.10870534980773776,0.21851885440642319,2000
TAR TF-IDF+LogReg,average_precision,0.460639044646937,0.3640951216616257,0.5516870268331202,2000
Learned ExtraTrees,average_precision,0.32348153806439933,0.24352867834763023,0.401301105188029,2000
TAR-Augmented ExtraTrees,average_precision,0.45976283834744314,0.36167045492841415,0.5522761913267993,2000
