method,n_topics,mean_ap,std_ap,mean_precision_at_10,std_precision_at_10,mean_recall_at_10,std_recall_at_10,mean_ndcg_at_10,std_ndcg_at_10,mean_precision_at_20,std_precision_at_20,mean_recall_at_20,std_recall_at_20,mean_ndcg_at_20,std_ndcg_at_20,mean_precision_at_50,std_precision_at_50,mean_recall_at_50,std_recall_at_50,mean_ndcg_at_50,std_ndcg_at_50,mean_precision_at_100,std_precision_at_100,mean_recall_at_100,std_recall_at_100,mean_ndcg_at_100,std_ndcg_at_100
medcpt,20,0.1586638641859299,0.12550179332217618,0.24000000000000005,0.18467610337532772,0.04833526879417515,0.05918519977239704,0.24673729060638988,0.1994420441789476,0.23249999999999998,0.1734138645583237,0.07531614271209533,0.07564260337670273,0.244135457372355,0.17886482548126256,0.192,0.1561915153703434,0.13327251988167027,0.14730468416596856,0.22246429359685949,0.1653491574409547,0.1645,0.11984529501337174,0.24976607788600713,0.24874391670864238,0.24318334349258283,0.16421266387286573
