method,n_topics,mean_ap,std_ap,mean_precision_at_10,std_precision_at_10,mean_recall_at_10,std_recall_at_10,mean_ndcg_at_10,std_ndcg_at_10,mean_precision_at_20,std_precision_at_20,mean_recall_at_20,std_recall_at_20,mean_ndcg_at_20,std_ndcg_at_20,mean_precision_at_50,std_precision_at_50,mean_recall_at_50,std_recall_at_50,mean_ndcg_at_50,std_ndcg_at_50,mean_precision_at_100,std_precision_at_100,mean_recall_at_100,std_recall_at_100,mean_ndcg_at_100,std_ndcg_at_100
bm25,20,0.14469503248799426,0.11503203012749046,0.26499999999999996,0.23232237130876204,0.036156111450391944,0.04526322001601619,0.28009335136618385,0.24972635184713135,0.22999999999999998,0.2009189414978876,0.059921064555718696,0.0748974369256027,0.24992612216638843,0.21941140418292565,0.19,0.14775513171246682,0.1728485185017239,0.2408691317945114,0.22813469386552812,0.16709150650191146,0.16149999999999998,0.10464350509178645,0.26094395896787187,0.2523762972927373,0.24391623901071183,0.16456311754853703
tfidf,20,0.1712703179347352,0.1460124325960454,0.225,0.20228952674713277,0.031051376356669446,0.04495501179918985,0.23164780823815692,0.20290230039536822,0.22749999999999998,0.2022732648775179,0.06436836211887186,0.08362123580064605,0.23127551458881196,0.19565987887710382,0.202,0.17769281595524694,0.13824235617293162,0.17234191660591242,0.22264796987192353,0.18546113509962595,0.172,0.13300573790551096,0.22706945897226483,0.2560372676100385,0.24345149439489716,0.20979423136235306
minilm,20,0.23986211494899262,0.16417151257622625,0.275,0.24468024246479647,0.04426520439381421,0.05732996632836734,0.2402354180993774,0.21992402076832723,0.2925,0.2231797717677742,0.08870409483377137,0.11070187305869793,0.2650975655128941,0.2103161099964997,0.302,0.19497908119914595,0.19806544874696158,0.1995302712033782,0.29866384907160437,0.1955937787739492,0.2495,0.13975448396911522,0.34491147306653314,0.24792539752923867,0.3355110733792882,0.19726541249893578
specter,20,0.2288811128069661,0.1473009172238647,0.32499999999999996,0.23813972015560417,0.04191119963842835,0.04700896649404388,0.3282194840614439,0.2501050127329275,0.2975,0.22092806640695473,0.07808989062033303,0.09147005403430189,0.3078602771512544,0.22614864293242457,0.28300000000000003,0.1847074500534918,0.1796602015861039,0.17667092977662074,0.3051887951716254,0.1956631452577299,0.246,0.14666108442327339,0.3475228098492152,0.267681956974672,0.3356921667411189,0.18289315773798875
